internal/api/syncadmin	TestBackfillDiagnosticsVenueOracleMatchesLivePython	1
internal/api/syncadmin	TestCoverageModelVenueOracleMatchesLivePydantic	6
internal/api/syncadmin	TestCreateValidationVenueOracleMatchesLivePython	3
internal/api/syncadmin	TestCreateWriteEnginesVenueOracleMatchesLivePython	5
internal/api/syncadmin	TestCreateWriteVenueOracleSequenceUnderTheAPIRole	46
internal/api/syncadmin	TestManualTriggerVenueOracle	122
internal/api/syncadmin	TestManualTriggerVenueOracleFrozen	70
internal/api/syncadmin	TestOperatorControlledDatasetKeysVenueOracleMatchesLivePython	1
internal/api/syncadmin	TestRunUnitsModelVenueOracleMatchesLivePython	91
internal/api/syncadmin	TestSyncAdminReadsVenueOracle	53
internal/api/syncadmin	TestSyncConfigBatchCreateVenueOracle	52
internal/api/syncadmin	TestSyncConfigCreateVenueOracle	50
internal/api/syncadmin	TestSyncConfigDeleteVenueOracle	55
internal/api/syncadmin	TestSyncConfigRepositoriesVenueOracle	51
internal/api/syncadmin	TestSyncConfigUpdateVenueOracle	48
internal/api/syncadmin	TestUpdateWriteEnginesVenueOracleMatchesLivePython	62
