internal/apiservice	TestCORSVenueOracleMatchesLiveStarlette	2
internal/apiservice	TestExternalIngestPayloadHashVenueOracle	242
internal/apiservice	TestExternalIngestVenueOracle	67
internal/apiservice	TestLegacyIngestTelemetryVenueOracle	54
internal/apiservice	TestLegacyIngestVenueOracle	56
internal/apiservice	TestVenueOracleCredentialAdmin	84
internal/apiservice	TestVenueOracleCredentialConnectionTest	81
internal/apiservice	TestVenueOracleCredentialGitHubRepos	223
internal/apiservice	TestVenueOracleCredentialRepos	123
internal/apiservice	TestVenueOracleCustomerPushReads	70
internal/apiservice	TestVenueOracleCustomerPushValidate	56
internal/apiservice	TestVenueOracleCustomerPushWrites	64
internal/apiservice	TestVenueOracleProtectedRoutes	131
internal/apiservice	TestVenueOracleRouteResponseModels	6
internal/apiservice	TestWebhookIntakeVenueOracleGitHubGitLabJiraHealth	54
internal/apiservice	TestWebhookIntakeVenueOraclePagerDuty	60
