internal/apiservice/billingvenue	TestInvoiceWebhookAppliesTestModeEvents	63
internal/apiservice/billingvenue	TestInvoiceWebhookOrderLinesAndRetry	50
internal/apiservice/billingvenue	TestRefundCreate	46
internal/apiservice/billingvenue	TestRefundEventAdoptionInvoiceGrid	54
internal/apiservice/billingvenue	TestRefundEventOwnershipGrid	64
internal/apiservice/billingvenue	TestRefundEventSettledGrid	59
internal/apiservice/billingvenue	TestRefundWebhookWriteFirstAndOrder	50
internal/apiservice/billingvenue	TestRefundWriteFirstAndIdempotent	47
internal/apiservice/billingvenue	TestSubscriptionEventsResolveTheOwningOrg	54
internal/apiservice/billingvenue	TestSubscriptionSkipLinesNameTheEvent	46
internal/apiservice/billingvenue	TestVenueOracleBillingEdge	127
internal/apiservice/billingvenue	TestVenueOracleBillingLedger	47
internal/apiservice/billingvenue	TestVenueOracleBillingPlansCheckout	46
internal/apiservice/billingvenue	TestVenueOracleBillingWebhook	59
internal/apiservice/billingvenue	TestVenueOracleBillingWithoutStripeKey	48
