internal/apiservice/admin	TestCreateOrgInviteVenueOracle	62
internal/apiservice/admin	TestCredentialDeleteVenueOracle	61
internal/apiservice/admin	TestGovernanceRoutesVenueOracle	80
internal/apiservice/admin	TestImpersonationStartStopMatchesThePythonAPI	63
internal/apiservice/admin	TestImpersonationTTLConfigMatchesThePythonAPI	120
internal/apiservice/admin	TestLLMSettingsRoutesVenueOracle	91
internal/apiservice/admin	TestLLMSettingsRoutesWithoutEncryptionKeyVenueOracle	69
internal/apiservice/admin	TestOrgCRUDMatchesThePythonAPI	63
internal/apiservice/admin	TestOrgDeletionMatchesThePythonAPI	69
internal/apiservice/admin	TestOrgDeletionPurgesEveryDiscoveredClickHouseTable	67
internal/apiservice/admin	TestOrgDeletionRevokesPagerDutyOnBothPlanes	55
internal/apiservice/admin	TestPagerDutyAuthorizeVenueOracle	58
internal/apiservice/admin	TestPagerDutyAuthorizeWithoutClientIDVenueOracle	55
internal/apiservice/admin	TestPagerDutyAuthorizeWithoutEncryptionKeyVenueOracle	52
internal/apiservice/admin	TestPagerDutyCallbackAndManualVenueOracle	126
internal/apiservice/admin	TestPagerDutyDisconnectVenueOracle	60
internal/apiservice/admin	TestPagerDutyDisconnectWithoutClientIDVenueOracle	58
internal/apiservice/admin	TestPagerDutyServicesVenueOracle	172
internal/apiservice/admin	TestPagerDutyServicesWithoutOAuthAppVenueOracle	79
internal/apiservice/admin	TestPagerDutyStatusAndPreflightVenueOracle	59
internal/apiservice/admin	TestPagerDutyWebhookBindingsVenueOracle	79
internal/apiservice/admin	TestRateLimitPathCardinalityVenueOracle	157
internal/apiservice/admin	TestRetentionRoutesVenueOracle	73
internal/apiservice/admin	TestSetUserPasswordRateLimitIsIndependentPerTargetAndAdmin	58
internal/apiservice/admin	TestSetUserPasswordRateLimitMatchesThePythonAPI	57
internal/apiservice/admin	TestSetUserPasswordRateLimitWindowDoesNotRollOverEarly	62
internal/apiservice/admin	TestSetUserPasswordValidationBeforeLimitVenueOracle	56
internal/apiservice/admin	TestSettingsRoutesVenueOracle	67
internal/apiservice/admin	TestSettingsRoutesWithoutEncryptionKeyVenueOracle	61
internal/apiservice/admin	TestSharedRateLimitAcrossReplicasVenueOracle	59
internal/apiservice/admin	TestUserCRUDAndPasswordChangeMatchesThePythonAPI	57
