# CHAOS-8305: sha256 of each endpoint-profiles.go.json row's canonical JSON (keys sorted). A changed, removed or added row fails
# the profile-row pin test until this file is re-recorded on purpose (UPDATE_PROFILE_PINS=1). Deleted with the file (CHAOS-8306).
DELETE /api/v1/billing/plans/{plan_id} [dev-health-ops-api]	57c10d4d15a2eb1603fe756386c34be3dcbf059f1576f471782f80d15f625b5d
GET /api/v1/billing/audit [dev-health-ops-api]	6e7e5c488c5bd4166c8efd0a4f918a6a009cc2f7b5490ae957bfc90d8671f0ba
GET /api/v1/billing/audit/{audit_id} [dev-health-ops-api]	54d307a7378a653ecb77334880c47585e5e1d7fdc586a82c49b1720eed1656fe
GET /api/v1/billing/entitlements/{org_id} [dev-health-ops-api]	a305b085318e7647d9c037c0f60441b5739b66c39b72d7954bab65e00e232bbe
GET /api/v1/billing/invoices [dev-health-ops-api]	8151d8b3981f3b3704da5786d7c84e0204c1166e40d095ad5be7bb7047005a7b
GET /api/v1/billing/invoices/{invoice_id} [dev-health-ops-api]	f9c791d052491b4ab6db6df897181ac01f8a07c4fca71642a49bbaba8b013bcb
GET /api/v1/billing/plans [dev-health-ops-api]	74e3d17353f79ba76bb03d5bf7df5d486ef9d5f3d683ccbab2db5d6bfe5b99b8
GET /api/v1/billing/plans/{plan_id} [dev-health-ops-api]	85ca9023b5edd5072e79b84f9e76b1a8c47c6d2072edac3d351d23f3d9583741
GET /api/v1/billing/refunds [dev-health-ops-api]	28a39d2d30280fc838744e671720f9de101afbf61a0524baf3c5a361775fd148
GET /api/v1/billing/refunds/{refund_id} [dev-health-ops-api]	20adad0ee1f4482b11b471c53ca0c9fb2334220b802f83430d3129a75d43a6fc
GET /api/v1/billing/subscriptions [dev-health-ops-api]	23d175922fa0664745d61474e5f74fcf463afe8b34366758f7c251fd010e93ef
GET /api/v1/billing/subscriptions/history [dev-health-ops-api]	f29afe17945cd44dd202ca3af09b0e337a586654102b10967341123092406e83
GET /api/v1/billing/subscriptions/list [dev-health-ops-api]	e94cebe174c7306b45670a189e83c636e4def5e723700249ec51dce0c69f0e10
GET /buildinfo [dev-health-ops-api]	8097133b0448761855b1b4761a35ccbb2f72904e8d4fe72bcd0aefaf94163e7b
POST /api/v1/admin/orgs/{org_id}/transfer-ownership [dev-health-ops-api]	308a1c4996d18adb66f6167fea636b2a9c7d72895fe11479151c9b16dfc72d97
POST /api/v1/billing/audit/{audit_id}/resolve [dev-health-ops-api]	7a0203dc491b8e2c8f0fc3206435b30841ea9ec582be589dfc554f7f820e34e4
POST /api/v1/billing/checkout [dev-health-ops-api]	fe61ca79f86997b6be01e420a2ee71087ddc9ca9a4dee96817206e7f499209a9
POST /api/v1/billing/invoices/{invoice_id}/void [dev-health-ops-api]	fa41730aedeb78f5749018cd715ffe0d1bed48ecebd60933976fc8e8bde5a735
POST /api/v1/billing/plans [dev-health-ops-api]	121d38a015685776e19ed4ed78c08e6ff2101a102b5511b40873f8a80416a6f6
POST /api/v1/billing/plans/pull-stripe [dev-health-ops-api]	bdb9973168e38c265e7e61e0bbf881f8106214abb4a9ba0aa3ce8d3c246dfbed
POST /api/v1/billing/plans/{plan_id}/sync-stripe [dev-health-ops-api]	4cf5e00336c7e25530cd2b6260438624a6fed8d937721691e18b83b1c67da5fc
POST /api/v1/billing/portal [dev-health-ops-api]	498bdc6f5399925b3b78f4d60f41e2d0bbb998b4b6610cee9b3d81d2e44be3b9
POST /api/v1/billing/reconcile [dev-health-ops-api]	a4742c70257fe758562b97ddc2d7ae4929e81dbc676e834064b0214bca8d8b1e
POST /api/v1/billing/refunds [dev-health-ops-api]	a9272f860f9d006c00431606b4c72f56880ea9f8ed95a2fc8603fb9fadc86261
POST /api/v1/billing/subscriptions/cancel [dev-health-ops-api]	7de952b2f95327a7b03364a48e4c3085df9f0477a0be1e4d4301801647f0f910
POST /api/v1/billing/subscriptions/change-plan [dev-health-ops-api]	16dc5b329d8174575482a67243e9fe0eb9a4164c4c76cc48af94c1c4410e43d6
POST /api/v1/billing/subscriptions/reactivate [dev-health-ops-api]	cd05a227b93bf997c0e0b5ea345cc4637de449cf97b83214f77c39ce40f6f3f7
POST /api/v1/billing/webhooks/stripe [dev-health-ops-api]	2cfe7ae8bbdd135475ad34a1596da582c60ead7e45e6a40375a7583bd919d6fc
POST /api/v1/billing/webhooks/stripe [dev-health-ops-billing-edge]	6b91998daeee38dbeb6576abc9a1cb8e3c49555293f4f0408a3f88f8981a72dc
PUT /api/v1/billing/plans/{plan_id} [dev-health-ops-api]	b77b1a85709fdb8058997519d54e29d2f0bb0a912f6ef6a9b17c426dbc11d964
