internal/apiservice/admin	TestCreateOrgInviteVenueOracle	run
internal/apiservice/admin	TestCredentialDeleteVenueOracle	run
internal/apiservice/admin	TestGovernanceRoutesVenueOracle	run
internal/apiservice/admin	TestImpersonationStartStopMatchesThePythonAPI	run
internal/apiservice/admin	TestImpersonationTTLConfigMatchesThePythonAPI	run
internal/apiservice/admin	TestLLMSettingsRoutesVenueOracle	run
internal/apiservice/admin	TestLLMSettingsRoutesWithoutEncryptionKeyVenueOracle	run
internal/apiservice/admin	TestOrgCRUDMatchesThePythonAPI	run
internal/apiservice/admin	TestOrgDeletionMatchesThePythonAPI	run
internal/apiservice/admin	TestOrgDeletionPurgesEveryDiscoveredClickHouseTable	run
internal/apiservice/admin	TestOrgDeletionRevokesPagerDutyOnBothPlanes	run
internal/apiservice/admin	TestPagerDutyAuthorizeVenueOracle	run
internal/apiservice/admin	TestPagerDutyAuthorizeWithoutClientIDVenueOracle	run
internal/apiservice/admin	TestPagerDutyAuthorizeWithoutEncryptionKeyVenueOracle	run
internal/apiservice/admin	TestPagerDutyCallbackAndManualVenueOracle	run
internal/apiservice/admin	TestPagerDutyDisconnectVenueOracle	run
internal/apiservice/admin	TestPagerDutyServicesVenueOracle	run
internal/apiservice/admin	TestPagerDutyServicesWithoutOAuthAppVenueOracle	run
internal/apiservice/admin	TestPagerDutyStatusAndPreflightVenueOracle	run
internal/apiservice/admin	TestPagerDutyWebhookBindingsVenueOracle	run
internal/apiservice/admin	TestRateLimitPathCardinalityVenueOracle	run
internal/apiservice/admin	TestRetentionRoutesVenueOracle	run
internal/apiservice/admin	TestSetUserPasswordRateLimitIsIndependentPerTargetAndAdmin	run
internal/apiservice/admin	TestSetUserPasswordRateLimitMatchesThePythonAPI	run
internal/apiservice/admin	TestSetUserPasswordRateLimitWindowDoesNotRollOverEarly	run
internal/apiservice/admin	TestSetUserPasswordValidationBeforeLimitVenueOracle	run
internal/apiservice/admin	TestSettingsRoutesVenueOracle	run
internal/apiservice/admin	TestSettingsRoutesWithoutEncryptionKeyVenueOracle	run
internal/apiservice/admin	TestSharedRateLimitAcrossReplicasVenueOracle	run
internal/apiservice/admin	TestUserCRUDAndPasswordChangeMatchesThePythonAPI	run
