internal/apiservice	TestCORSVenueOracleMatchesLiveStarlette	run
internal/apiservice	TestExternalIngestPayloadHashVenueOracle	run
internal/apiservice	TestExternalIngestVenueOracle	run
internal/apiservice	TestLegacyIngestTelemetryVenueOracle	run
internal/apiservice	TestLegacyIngestVenueOracle	run
internal/apiservice	TestVenueOracleCredentialAdmin	run
internal/apiservice	TestVenueOracleCredentialConnectionTest	run
internal/apiservice	TestVenueOracleCredentialGitHubRepos	run
internal/apiservice	TestVenueOracleCredentialRepos	run
internal/apiservice	TestVenueOracleCustomerPushReads	run
internal/apiservice	TestVenueOracleCustomerPushValidate	run
internal/apiservice	TestVenueOracleCustomerPushWrites	run
internal/apiservice	TestVenueOracleProtectedRoutes	run
internal/apiservice	TestVenueOracleRouteResponseModels	run
internal/apiservice	TestWebhookIntakeVenueOracleGitHubGitLabJiraHealth	run
internal/apiservice	TestWebhookIntakeVenueOraclePagerDuty	run
