internal/apiservice/billingvenue	TestInvoiceWebhookAppliesTestModeEvents	run
internal/apiservice/billingvenue	TestInvoiceWebhookOrderLinesAndRetry	run
internal/apiservice/billingvenue	TestRefundCreate	run
internal/apiservice/billingvenue	TestRefundWebhookWriteFirstAndOrder	run
internal/apiservice/billingvenue	TestRefundWriteFirstAndIdempotent	run
internal/apiservice/billingvenue	TestStripeTestModeBillingDifferential	local
internal/apiservice/billingvenue	TestStripeTestModeInvoiceEvents	local
internal/apiservice/billingvenue	TestStripeTestModeSubscriptionLifecycle	local
internal/apiservice/billingvenue	TestSubscriptionEventsResolveTheOwningOrg	run
internal/apiservice/billingvenue	TestVenueOracleBillingLedger	run
internal/apiservice/billingvenue	TestVenueOracleBillingPlansCheckout	run
internal/apiservice/billingvenue	TestVenueOracleBillingWebhook	run
internal/apiservice/billingvenue	TestVenueOracleBillingWithoutStripeKey	run
