source_repo	source_path	artifact_type	publication_classification	current_url	current_nav_location	content_type	primary_audience	secondary_audiences	product_area	owner	last_meaningful_review	generated	public_today	duplicate_group	known_accuracy_risk	known_usability_risk	build_dependencies	links_in	links_out	notes
full-chaos/dev-health-ops	.github/workflows/docs-cloudflare.yml	workflow	supporting-artifact						documentation-system			False	False							
full-chaos/dev-health-ops	.github/workflows/docs-guards.yml	workflow	supporting-artifact						documentation-system			False	False							
full-chaos/dev-health-ops	.github/workflows/docs-health-report.yml	workflow	supporting-artifact						documentation-system			False	False							
full-chaos/dev-health-ops	.github/workflows/docs-inventory-review.yml	workflow	supporting-artifact						documentation-system			False	False							
full-chaos/dev-health-ops	AGENTS.md	repository-entry-point	external-entry-point						repository-guidance			False	False							Public repository entry point; links into documentation must be inventoried and updated at cutover.
full-chaos/dev-health-ops	Makefile	configuration	supporting-artifact						documentation-system			False	False							
full-chaos/dev-health-ops	README.md	repository-entry-point	external-entry-point						repository-guidance			False	False							Public repository entry point; links into documentation must be inventoried and updated at cutover.
full-chaos/dev-health-ops	docs-data/README.md	internal-program	excluded-internal						docs-data			False	False							Non-published documentation tooling input; must never enter the public build.
full-chaos/dev-health-ops	docs-data/external-link-allowlist.yml	internal-program	excluded-internal						docs-data			False	False							Non-published documentation tooling input; must never enter the public build.
full-chaos/dev-health-ops	docs-data/freshness-inventory.yml	internal-program	excluded-internal						docs-data			False	False							Non-published documentation tooling input; must never enter the public build.
full-chaos/dev-health-ops	docs-data/ia/admin.tsv	internal-program	excluded-internal						docs-data			False	False							Non-published documentation tooling input; must never enter the public build.
full-chaos/dev-health-ops	docs-data/ia/contribute.tsv	internal-program	excluded-internal						docs-data			False	False							Non-published documentation tooling input; must never enter the public build.
full-chaos/dev-health-ops	docs-data/ia/get-started.tsv	internal-program	excluded-internal						docs-data			False	False							Non-published documentation tooling input; must never enter the public build.
full-chaos/dev-health-ops	docs-data/ia/home.tsv	internal-program	excluded-internal						docs-data			False	False							Non-published documentation tooling input; must never enter the public build.
full-chaos/dev-health-ops	docs-data/ia/integrate.tsv	internal-program	excluded-internal						docs-data			False	False							Non-published documentation tooling input; must never enter the public build.
full-chaos/dev-health-ops	docs-data/ia/operate.tsv	internal-program	excluded-internal						docs-data			False	False							Non-published documentation tooling input; must never enter the public build.
full-chaos/dev-health-ops	docs-data/ia/reference.tsv	internal-program	excluded-internal						docs-data			False	False							Non-published documentation tooling input; must never enter the public build.
full-chaos/dev-health-ops	docs-data/ia/use.tsv	internal-program	excluded-internal						docs-data			False	False							Non-published documentation tooling input; must never enter the public build.
full-chaos/dev-health-ops	docs-data/redirects.tsv	internal-program	excluded-internal						docs-data			False	False							Non-published documentation tooling input; must never enter the public build.
full-chaos/dev-health-ops	docs-data/search-acceptance.json	internal-program	excluded-internal						docs-data			False	False							Non-published documentation tooling input; must never enter the public build.
full-chaos/dev-health-ops	docs/admin/data-sources/credential-lifecycle.md	markdown-page	public-nav	https://docs.fullchaos.dev/admin/data-sources/credential-lifecycle/	Administer Dev Health | Data sources | Credential lifecycle	task-guide			admin	platform-product		False	True					admin/data-sources/index.md	admin/sync-and-coverage/status-and-freshness.md	
full-chaos/dev-health-ops	docs/admin/data-sources/github.md	markdown-page	public-nav	https://docs.fullchaos.dev/admin/data-sources/github/	Administer Dev Health | Data sources | GitHub	task-guide			admin	platform-product		False	True					admin/data-sources/index.md | reference/cli/index.md		
full-chaos/dev-health-ops	docs/admin/data-sources/gitlab.md	markdown-page	public-nav	https://docs.fullchaos.dev/admin/data-sources/gitlab/	Administer Dev Health | Data sources | GitLab	task-guide			admin	platform-product		False	True					admin/data-sources/index.md		
full-chaos/dev-health-ops	docs/admin/data-sources/incident-response.md	markdown-page	public-nav	https://docs.fullchaos.dev/admin/data-sources/incident-response/	Administer Dev Health | Data sources | Incident response / PagerDuty	explanation			admin			False	True					admin/data-sources/index.md | admin/data-sources/jira-atlassian.md | integrate/webhooks/configure.md		
full-chaos/dev-health-ops	docs/admin/data-sources/index.md	markdown-page	public-nav	https://docs.fullchaos.dev/admin/data-sources/	Administer Dev Health | Data sources	landing			admin	platform-product		False	True					admin/index.md	admin/data-sources/credential-lifecycle.md | admin/data-sources/github.md | admin/data-sources/gitlab.md | admin/data-sources/incident-response.md	
full-chaos/dev-health-ops	docs/admin/data-sources/jira-atlassian.md	markdown-page	public-nav	https://docs.fullchaos.dev/admin/data-sources/jira-atlassian/	Administer Dev Health | Data sources | Jira Service Management	task-guide			admin	platform-product		False	True						admin/data-sources/incident-response.md | admin/troubleshooting/provider-connections.md | integrate/webhooks/configure.md | integrate/webhooks/verify-signatures.md	
full-chaos/dev-health-ops	docs/admin/index.md	markdown-page	public-nav	https://docs.fullchaos.dev/admin/	Administer Dev Health	landing			admin	platform-product		False	True					get-started/choose-a-task.md | index.md | use/index.md	admin/data-sources/index.md | admin/security-and-audit/index.md | admin/sync-and-coverage/index.md | admin/teams-and-identities/index.md | admin/troubleshooting/index.md | admin/workspace/index.md	
full-chaos/dev-health-ops	docs/admin/security-and-audit/credentials.md	markdown-page	public-nav	https://docs.fullchaos.dev/admin/security-and-audit/credentials/	Administer Dev Health | Security | Credentials	concept			admin	platform-product		False	True					admin/security-and-audit/index.md		
full-chaos/dev-health-ops	docs/admin/security-and-audit/index.md	markdown-page	public-nav	https://docs.fullchaos.dev/admin/security-and-audit/	Administer Dev Health | Security	landing			admin	platform-product		False	True					admin/index.md	admin/security-and-audit/credentials.md | admin/security-and-audit/privacy.md	
full-chaos/dev-health-ops	docs/admin/security-and-audit/privacy.md	markdown-page	public-nav	https://docs.fullchaos.dev/admin/security-and-audit/privacy/	Administer Dev Health | Security | Privacy and telemetry	concept			admin	platform-product		False	True					admin/security-and-audit/index.md		
full-chaos/dev-health-ops	docs/admin/sync-and-coverage/coverage.md	markdown-page	public-nav	https://docs.fullchaos.dev/admin/sync-and-coverage/coverage/	Administer Dev Health | Sync and coverage | Coverage	concept			admin	platform-product		False	True							
full-chaos/dev-health-ops	docs/admin/sync-and-coverage/index.md	markdown-page	public-nav	https://docs.fullchaos.dev/admin/sync-and-coverage/	Administer Dev Health | Sync and coverage	landing			admin	platform-operations		False	True					admin/index.md	admin/sync-and-coverage/status-and-freshness.md	
full-chaos/dev-health-ops	docs/admin/sync-and-coverage/status-and-freshness.md	markdown-page	public-nav	https://docs.fullchaos.dev/admin/sync-and-coverage/status-and-freshness/	Administer Dev Health | Sync and coverage | Status and freshness	task-guide			admin	platform-operations		False	True					admin/data-sources/credential-lifecycle.md | admin/sync-and-coverage/index.md | get-started/prerequisites.md | use/troubleshooting/no-or-incomplete-data.md | use/troubleshooting/stale-or-delayed-results.md	operate/runbooks/ingestion-failure.md	
full-chaos/dev-health-ops	docs/admin/teams-and-identities/index.md	markdown-page	public-nav	https://docs.fullchaos.dev/admin/teams-and-identities/	Administer Dev Health | Teams and access	landing			admin	platform-product		False	True					admin/index.md	admin/teams-and-identities/roles-and-access.md | admin/teams-and-identities/teams-and-repositories.md	
full-chaos/dev-health-ops	docs/admin/teams-and-identities/roles-and-access.md	markdown-page	public-nav	https://docs.fullchaos.dev/admin/teams-and-identities/roles-and-access/	Administer Dev Health | Teams and access | Roles and access	task-guide			admin	platform-product		False	True					admin/teams-and-identities/index.md		
full-chaos/dev-health-ops	docs/admin/teams-and-identities/teams-and-repositories.md	markdown-page	public-nav	https://docs.fullchaos.dev/admin/teams-and-identities/teams-and-repositories/	Administer Dev Health | Teams and access | Teams and repositories	task-guide			admin	platform-product		False	True					admin/teams-and-identities/index.md		
full-chaos/dev-health-ops	docs/admin/troubleshooting/authentication-and-roles.md	markdown-page	public-nav	https://docs.fullchaos.dev/admin/troubleshooting/authentication-and-roles/	Administer Dev Health | Troubleshooting | Authentication and roles	troubleshooting			admin	platform-product		False	True					admin/troubleshooting/index.md		
full-chaos/dev-health-ops	docs/admin/troubleshooting/index.md	markdown-page	public-nav	https://docs.fullchaos.dev/admin/troubleshooting/	Administer Dev Health | Troubleshooting	troubleshooting-index			admin	platform-product		False	True					admin/index.md | use/troubleshooting/index.md	admin/troubleshooting/authentication-and-roles.md | admin/troubleshooting/provider-connections.md | admin/troubleshooting/sync-and-coverage.md	
full-chaos/dev-health-ops	docs/admin/troubleshooting/provider-connections.md	markdown-page	public-nav	https://docs.fullchaos.dev/admin/troubleshooting/provider-connections/	Administer Dev Health | Troubleshooting | Provider connections	troubleshooting			admin	platform-product		False	True					admin/data-sources/jira-atlassian.md | admin/troubleshooting/index.md | integrate/build-an-integration/provider.md	operate/runbooks/ingestion-failure.md	
full-chaos/dev-health-ops	docs/admin/troubleshooting/sync-and-coverage.md	markdown-page	public-nav	https://docs.fullchaos.dev/admin/troubleshooting/sync-and-coverage/	Administer Dev Health | Troubleshooting | Sync and coverage	troubleshooting			admin	platform-product		False	True					admin/troubleshooting/index.md	operate/runbooks/ingestion-failure.md	
full-chaos/dev-health-ops	docs/admin/workspace/index.md	markdown-page	public-nav	https://docs.fullchaos.dev/admin/workspace/	Administer Dev Health | Workspace	landing			admin	platform-product		False	True					admin/index.md	admin/workspace/settings.md	
full-chaos/dev-health-ops	docs/admin/workspace/settings.md	markdown-page	public-nav	https://docs.fullchaos.dev/admin/workspace/settings/	Administer Dev Health | Workspace | Settings	task-guide			admin	platform-product		False	True					admin/workspace/index.md	operate/configure/index.md	
full-chaos/dev-health-ops	docs/assets/fcd-simplified.png	visual-asset	supporting-artifact						documentation-assets			False	False							Published documentation visual; disposition follows its owning page.
full-chaos/dev-health-ops	docs/contribute/architecture/contracts.md	markdown-page	public-nav	https://docs.fullchaos.dev/contribute/architecture/contracts/	Contribute | Architecture | Stable contracts	architecture			contribute	engineering		False	True					contribute/architecture/index.md | contribute/architecture/platform.md		
full-chaos/dev-health-ops	docs/contribute/architecture/data-and-storage.md	markdown-page	public-nav	https://docs.fullchaos.dev/contribute/architecture/data-and-storage/	Contribute | Architecture | Data and storage	architecture			contribute	engineering		False	True					contribute/architecture/index.md | contribute/architecture/platform.md | reference/cli/index.md	contribute/architecture/platform.md | operate/configure/databases-and-storage.md	
full-chaos/dev-health-ops	docs/contribute/architecture/index.md	markdown-page	public-nav	https://docs.fullchaos.dev/contribute/architecture/	Contribute | Architecture	landing			contribute	engineering		False	True					contribute/index.md	contribute/architecture/contracts.md | contribute/architecture/data-and-storage.md | contribute/architecture/platform.md	
full-chaos/dev-health-ops	docs/contribute/architecture/platform.md	markdown-page	public-nav	https://docs.fullchaos.dev/contribute/architecture/platform/	Contribute | Architecture | Platform	architecture			contribute	engineering		False	True					contribute/architecture/data-and-storage.md | contribute/architecture/index.md	contribute/architecture/contracts.md | contribute/architecture/data-and-storage.md | operate/configure/workers-and-schedules.md	
full-chaos/dev-health-ops	docs/contribute/development/commands.md	markdown-page	public-nav	https://docs.fullchaos.dev/contribute/development/commands/	Contribute | Develop and test | Commands	task-guide			contribute	engineering		False	True					contribute/development/index.md | contribute/start/development-environment.md	operate/configure/databases-and-storage.md | reference/cli/index.md	
full-chaos/dev-health-ops	docs/contribute/development/debugging.md	markdown-page	public-nav	https://docs.fullchaos.dev/contribute/development/debugging/	Contribute | Develop and test | Debugging	task-guide			contribute	engineering		False	True					contribute/development/index.md		
full-chaos/dev-health-ops	docs/contribute/development/fixtures-and-live-validation.md	markdown-page	public-nav	https://docs.fullchaos.dev/contribute/development/fixtures-and-live-validation/	Contribute | Develop and test | Fixtures and live validation	task-guide			contribute	engineering		True	True					contribute/development/index.md		
full-chaos/dev-health-ops	docs/contribute/development/index.md	markdown-page	public-nav	https://docs.fullchaos.dev/contribute/development/	Contribute | Develop and test	landing			contribute	engineering		False	True					contribute/index.md	contribute/development/commands.md | contribute/development/debugging.md | contribute/development/fixtures-and-live-validation.md | contribute/development/migrations.md | contribute/development/testing.md	
full-chaos/dev-health-ops	docs/contribute/development/migrations.md	markdown-page	public-nav	https://docs.fullchaos.dev/contribute/development/migrations/	Contribute | Develop and test | Migrations	task-guide			contribute	engineering		False	True					contribute/development/index.md		
full-chaos/dev-health-ops	docs/contribute/development/testing.md	markdown-page	public-nav	https://docs.fullchaos.dev/contribute/development/testing/	Contribute | Develop and test | Testing	task-guide			contribute	engineering		False	True					contribute/development/index.md		
full-chaos/dev-health-ops	docs/contribute/documentation/classify-and-place.md	markdown-page	public-nav	https://docs.fullchaos.dev/contribute/documentation/classify-and-place/	Contribute | Documentation | Classify and place	task-guide			contribute	documentation		False	True					contribute/documentation/index.md		
full-chaos/dev-health-ops	docs/contribute/documentation/content-model.md	markdown-page	public-nav	https://docs.fullchaos.dev/contribute/documentation/content-model/	Contribute | Documentation | Content model	concept			contribute	documentation		False	True					contribute/documentation/index.md		
full-chaos/dev-health-ops	docs/contribute/documentation/ia-diagrams.md	markdown-page	public-nav	https://docs.fullchaos.dev/contribute/documentation/ia-diagrams/	Contribute | Documentation | IA diagrams	architecture			contribute	documentation		False	True					contribute/documentation/index.md		
full-chaos/dev-health-ops	docs/contribute/documentation/index.md	markdown-page	public-nav	https://docs.fullchaos.dev/contribute/documentation/	Contribute | Documentation	landing			contribute	documentation		False	True					contribute/index.md	contribute/documentation/classify-and-place.md | contribute/documentation/content-model.md | contribute/documentation/ia-diagrams.md | contribute/documentation/preview-and-validate.md | contribute/documentation/reader-tasks.md | contribute/documentation/style-guide.md | contribute/documentation/templates.md | contribute/documentation/write-and-review.md	
full-chaos/dev-health-ops	docs/contribute/documentation/preview-and-validate.md	markdown-page	public-nav	https://docs.fullchaos.dev/contribute/documentation/preview-and-validate/	Contribute | Documentation | Preview and validate	task-guide			contribute	documentation		False	True					contribute/documentation/index.md | contribute/start/development-environment.md		
full-chaos/dev-health-ops	docs/contribute/documentation/reader-tasks.md	markdown-page	public-nav	https://docs.fullchaos.dev/contribute/documentation/reader-tasks/	Contribute | Documentation | Representative reader tasks	reference			contribute	documentation		False	True					contribute/documentation/index.md		
full-chaos/dev-health-ops	docs/contribute/documentation/style-guide.md	markdown-page	public-nav	https://docs.fullchaos.dev/contribute/documentation/style-guide/	Contribute | Documentation | Editorial and accessibility style	reference			contribute	documentation		False	True					contribute/documentation/index.md		
full-chaos/dev-health-ops	docs/contribute/documentation/templates.md	markdown-page	public-nav	https://docs.fullchaos.dev/contribute/documentation/templates/	Contribute | Documentation | Authoring templates	reference			contribute	documentation		False	True					contribute/documentation/index.md		
full-chaos/dev-health-ops	docs/contribute/documentation/write-and-review.md	markdown-page	public-nav	https://docs.fullchaos.dev/contribute/documentation/write-and-review/	Contribute | Documentation | Write and review	task-guide			contribute	documentation		False	True					contribute/documentation/index.md		
full-chaos/dev-health-ops	docs/contribute/index.md	markdown-page	public-nav	https://docs.fullchaos.dev/contribute/	Contribute	landing			contribute	engineering		False	True					get-started/choose-a-task.md | index.md	contribute/architecture/index.md | contribute/development/index.md | contribute/documentation/index.md | contribute/review-and-release/index.md | contribute/start/development-environment.md | contribute/start/index.md | contribute/start/repository-map.md	
full-chaos/dev-health-ops	docs/contribute/review-and-release/index.md	markdown-page	public-nav	https://docs.fullchaos.dev/contribute/review-and-release/	Contribute | Review and release	landing			contribute	engineering		False	True					contribute/index.md	contribute/review-and-release/pull-requests.md | contribute/review-and-release/releases.md	
full-chaos/dev-health-ops	docs/contribute/review-and-release/pull-requests.md	markdown-page	public-nav	https://docs.fullchaos.dev/contribute/review-and-release/pull-requests/	Contribute | Review and release | Pull requests	task-guide			contribute	engineering		False	True					contribute/review-and-release/index.md		
full-chaos/dev-health-ops	docs/contribute/review-and-release/releases.md	markdown-page	public-nav	https://docs.fullchaos.dev/contribute/review-and-release/releases/	Contribute | Review and release | Releases and rollback	task-guide			contribute	engineering		False	True					contribute/review-and-release/index.md		
full-chaos/dev-health-ops	docs/contribute/start/development-environment.md	markdown-page	public-nav	https://docs.fullchaos.dev/contribute/start/development-environment/	Contribute | Get started | Development environment	tutorial			contribute	engineering		False	True					contribute/index.md | contribute/start/index.md | index.md	contribute/development/commands.md | contribute/documentation/preview-and-validate.md | operate/index.md	
full-chaos/dev-health-ops	docs/contribute/start/index.md	markdown-page	public-nav	https://docs.fullchaos.dev/contribute/start/	Contribute | Get started	landing			contribute	engineering		False	True					contribute/index.md	contribute/start/development-environment.md | contribute/start/repository-map.md	
full-chaos/dev-health-ops	docs/contribute/start/repository-map.md	markdown-page	public-nav	https://docs.fullchaos.dev/contribute/start/repository-map/	Contribute | Get started | Repository map	concept			contribute	engineering		False	True					contribute/index.md | contribute/start/index.md		
full-chaos/dev-health-ops	docs/get-started/choose-a-task.md	markdown-page	public-nav	https://docs.fullchaos.dev/get-started/choose-a-task/	Get started | Choose a task	task-guide			get-started	documentation		False	True					get-started/index.md | index.md	admin/index.md | contribute/index.md | integrate/index.md | operate/index.md | reference/index.md | use/index.md | use/investment/investigate-effort.md	
full-chaos/dev-health-ops	docs/get-started/index.md	markdown-page	public-nav	https://docs.fullchaos.dev/get-started/	Get started	landing			get-started	documentation		False	True						get-started/choose-a-task.md | get-started/prerequisites.md | use/investment/investigate-effort.md	
full-chaos/dev-health-ops	docs/get-started/prerequisites.md	markdown-page	public-nav	https://docs.fullchaos.dev/get-started/prerequisites/	Get started | Prerequisites	task-guide			get-started	documentation		False	True					get-started/index.md	admin/sync-and-coverage/status-and-freshness.md | use/troubleshooting/no-or-incomplete-data.md	
full-chaos/dev-health-ops	docs/index.md	markdown-page	public-nav	https://docs.fullchaos.dev/	Documentation home	landing			index.md			False	True						admin/index.md | contribute/index.md | contribute/start/development-environment.md | get-started/choose-a-task.md | integrate/index.md | operate/index.md | reference/index.md | reference/metrics/index.md | reference/metrics/weighting-and-aggregation.md | use/index.md | use/investment/follow-evidence.md | use/investment/investigate-effort.md | use/navigate/data-states.md | use/navigate/filters-and-comparisons.md | use/navigate/scope-and-time.md | use/troubleshooting/index.md | use/troubleshooting/no-or-incomplete-data.md	
full-chaos/dev-health-ops	docs/integrate/api/authentication.md	markdown-page	public-nav	https://docs.fullchaos.dev/integrate/api/authentication/	Integrate and extend | APIs | Authentication	task-guide			integrate	platform-api		False	True					integrate/api/index.md	reference/api/authentication.md	
full-chaos/dev-health-ops	docs/integrate/api/automation.md	markdown-page	public-nav	https://docs.fullchaos.dev/integrate/api/automation/	Integrate and extend | APIs | Automation	task-guide			integrate	platform-api		False	True					integrate/api/index.md		
full-chaos/dev-health-ops	docs/integrate/api/graphql.md	markdown-page	public-nav	https://docs.fullchaos.dev/integrate/api/graphql/	Integrate and extend | APIs | GraphQL	task-guide			integrate	platform-api		False	True					integrate/api/index.md	reference/graphql/index.md	
full-chaos/dev-health-ops	docs/integrate/api/index.md	markdown-page	public-nav	https://docs.fullchaos.dev/integrate/api/	Integrate and extend | APIs	landing			integrate	platform-api		False	True					integrate/index.md	integrate/api/authentication.md | integrate/api/automation.md | integrate/api/graphql.md | reference/api/index.md	
full-chaos/dev-health-ops	docs/integrate/build-an-integration/data-contracts.md	markdown-page	public-nav	https://docs.fullchaos.dev/integrate/build-an-integration/data-contracts/	Integrate and extend | Build an integration | Data contracts	concept			integrate	engineering		False	True					integrate/build-an-integration/index.md | integrate/build-an-integration/provider.md		
full-chaos/dev-health-ops	docs/integrate/build-an-integration/index.md	markdown-page	public-nav	https://docs.fullchaos.dev/integrate/build-an-integration/	Integrate and extend | Build an integration	landing			integrate	engineering		False	True					integrate/index.md	integrate/build-an-integration/data-contracts.md | integrate/build-an-integration/provider.md | integrate/build-an-integration/testing.md	
full-chaos/dev-health-ops	docs/integrate/build-an-integration/provider.md	markdown-page	public-nav	https://docs.fullchaos.dev/integrate/build-an-integration/provider/	Integrate and extend | Build an integration | Provider integration	task-guide			integrate	engineering		False	True					integrate/build-an-integration/index.md	admin/troubleshooting/provider-connections.md | integrate/build-an-integration/data-contracts.md | integrate/build-an-integration/testing.md | reference/limits-and-compatibility/provider-limits.md	
full-chaos/dev-health-ops	docs/integrate/build-an-integration/testing.md	markdown-page	public-nav	https://docs.fullchaos.dev/integrate/build-an-integration/testing/	Integrate and extend | Build an integration | Testing	task-guide			integrate	engineering		False	True					integrate/build-an-integration/index.md | integrate/build-an-integration/provider.md		
full-chaos/dev-health-ops	docs/integrate/customer-push/errors.md	markdown-page	public-nav	https://docs.fullchaos.dev/integrate/customer-push/errors/	Integrate and extend | Customer Push | Validation errors	troubleshooting			integrate	platform-api		False	True					integrate/customer-push/index.md	integrate/troubleshooting/index.md	
full-chaos/dev-health-ops	docs/integrate/customer-push/idempotency-and-retries.md	markdown-page	public-nav	https://docs.fullchaos.dev/integrate/customer-push/idempotency-and-retries/	Integrate and extend | Customer Push | Idempotency and retries	concept			integrate	platform-api		False	True					integrate/customer-push/index.md		
full-chaos/dev-health-ops	docs/integrate/customer-push/index.md	markdown-page	public-nav	https://docs.fullchaos.dev/integrate/customer-push/	Integrate and extend | Customer Push	landing			integrate	platform-api		False	True					integrate/index.md	integrate/customer-push/errors.md | integrate/customer-push/idempotency-and-retries.md | integrate/customer-push/observability.md | integrate/customer-push/overview.md | integrate/customer-push/register-source.md | integrate/customer-push/schema-discovery.md | integrate/customer-push/submit-records.md	
full-chaos/dev-health-ops	docs/integrate/customer-push/observability.md	markdown-page	public-nav	https://docs.fullchaos.dev/integrate/customer-push/observability/	Integrate and extend | Customer Push | Delivery observability	task-guide			integrate	platform-api		False	True					integrate/customer-push/index.md		
full-chaos/dev-health-ops	docs/integrate/customer-push/overview.md	markdown-page	public-nav	https://docs.fullchaos.dev/integrate/customer-push/overview/	Integrate and extend | Customer Push | Supported boundary	concept			integrate	platform-api		False	True					integrate/customer-push/index.md | reference/cli/index.md		
full-chaos/dev-health-ops	docs/integrate/customer-push/register-source.md	markdown-page	public-nav	https://docs.fullchaos.dev/integrate/customer-push/register-source/	Integrate and extend | Customer Push | Register a source	task-guide			integrate	platform-api		False	True					integrate/customer-push/index.md | reference/cli/index.md		
full-chaos/dev-health-ops	docs/integrate/customer-push/schema-discovery.md	markdown-page	public-nav	https://docs.fullchaos.dev/integrate/customer-push/schema-discovery/	Integrate and extend | Customer Push | Discover the schema	task-guide			integrate	platform-api		True	True					integrate/customer-push/index.md		
full-chaos/dev-health-ops	docs/integrate/customer-push/submit-records.md	markdown-page	public-nav	https://docs.fullchaos.dev/integrate/customer-push/submit-records/	Integrate and extend | Customer Push | Submit records	task-guide			integrate	platform-api		False	True					integrate/customer-push/index.md		
full-chaos/dev-health-ops	docs/integrate/index.md	markdown-page	public-nav	https://docs.fullchaos.dev/integrate/	Integrate and extend	landing			integrate	platform-api		False	True					get-started/choose-a-task.md | index.md	integrate/api/index.md | integrate/build-an-integration/index.md | integrate/customer-push/index.md | integrate/troubleshooting/index.md | integrate/webhooks/index.md	
full-chaos/dev-health-ops	docs/integrate/troubleshooting/authentication.md	markdown-page	public-nav	https://docs.fullchaos.dev/integrate/troubleshooting/authentication/	Integrate and extend | Troubleshooting | Authentication	troubleshooting			integrate	platform-api		False	True					integrate/troubleshooting/index.md		
full-chaos/dev-health-ops	docs/integrate/troubleshooting/delivery-and-rate-limits.md	markdown-page	public-nav	https://docs.fullchaos.dev/integrate/troubleshooting/delivery-and-rate-limits/	Integrate and extend | Troubleshooting | Delivery and rate limits	troubleshooting			integrate	platform-api		False	True					integrate/troubleshooting/index.md		
full-chaos/dev-health-ops	docs/integrate/troubleshooting/index.md	markdown-page	public-nav	https://docs.fullchaos.dev/integrate/troubleshooting/	Integrate and extend | Troubleshooting	troubleshooting-index			integrate	platform-api		False	True					integrate/customer-push/errors.md | integrate/index.md	integrate/troubleshooting/authentication.md | integrate/troubleshooting/delivery-and-rate-limits.md | integrate/troubleshooting/schema-and-validation.md	
full-chaos/dev-health-ops	docs/integrate/troubleshooting/schema-and-validation.md	markdown-page	public-nav	https://docs.fullchaos.dev/integrate/troubleshooting/schema-and-validation/	Integrate and extend | Troubleshooting | Schema and validation	troubleshooting			integrate	platform-api		False	True					integrate/troubleshooting/index.md		
full-chaos/dev-health-ops	docs/integrate/webhooks/configure.md	markdown-page	public-nav	https://docs.fullchaos.dev/integrate/webhooks/configure/	Integrate and extend | Webhooks | Configure	task-guide			integrate	platform-api		False	True					admin/data-sources/jira-atlassian.md | integrate/webhooks/index.md	admin/data-sources/incident-response.md | integrate/webhooks/retries-and-replay.md | integrate/webhooks/verify-signatures.md	
full-chaos/dev-health-ops	docs/integrate/webhooks/index.md	markdown-page	public-nav	https://docs.fullchaos.dev/integrate/webhooks/	Integrate and extend | Webhooks	landing			integrate	platform-api		False	True					integrate/index.md	integrate/webhooks/configure.md | integrate/webhooks/retries-and-replay.md | integrate/webhooks/verify-signatures.md	
full-chaos/dev-health-ops	docs/integrate/webhooks/retries-and-replay.md	markdown-page	public-nav	https://docs.fullchaos.dev/integrate/webhooks/retries-and-replay/	Integrate and extend | Webhooks | Retries and replay	task-guide			integrate	platform-api		False	True					integrate/webhooks/configure.md | integrate/webhooks/index.md | integrate/webhooks/verify-signatures.md		
full-chaos/dev-health-ops	docs/integrate/webhooks/verify-signatures.md	markdown-page	public-nav	https://docs.fullchaos.dev/integrate/webhooks/verify-signatures/	Integrate and extend | Webhooks | Verify signatures	task-guide			integrate	platform-api		False	True					admin/data-sources/jira-atlassian.md | integrate/webhooks/configure.md | integrate/webhooks/index.md	integrate/webhooks/retries-and-replay.md	
full-chaos/dev-health-ops	docs/operate/configure/databases-and-storage.md	markdown-page	public-nav	https://docs.fullchaos.dev/operate/configure/databases-and-storage/	Install and operate | Configure | Databases and storage	task-guide			operate	platform-operations		False	True					contribute/architecture/data-and-storage.md | contribute/development/commands.md | operate/configure/index.md | operate/configure/workers-and-schedules.md | operate/install/production.md		
full-chaos/dev-health-ops	docs/operate/configure/environment-and-secrets.md	markdown-page	public-nav	https://docs.fullchaos.dev/operate/configure/environment-and-secrets/	Install and operate | Configure | Environment and secrets	task-guide			operate	platform-operations		False	True					operate/configure/index.md | operate/install/production.md		
full-chaos/dev-health-ops	docs/operate/configure/external-services.md	markdown-page	public-nav	https://docs.fullchaos.dev/operate/configure/external-services/	Install and operate | Configure | External services	task-guide			operate	platform-operations		False	True					operate/configure/index.md		
full-chaos/dev-health-ops	docs/operate/configure/index.md	markdown-page	public-nav	https://docs.fullchaos.dev/operate/configure/	Install and operate | Configure	landing			operate	platform-operations		False	True					admin/workspace/settings.md | operate/index.md	operate/configure/databases-and-storage.md | operate/configure/environment-and-secrets.md | operate/configure/external-services.md | operate/configure/network-and-tls.md | operate/configure/workers-and-schedules.md	
full-chaos/dev-health-ops	docs/operate/configure/network-and-tls.md	markdown-page	public-nav	https://docs.fullchaos.dev/operate/configure/network-and-tls/	Install and operate | Configure | Network and TLS	task-guide			operate	platform-operations		False	True					operate/configure/index.md		
full-chaos/dev-health-ops	docs/operate/configure/workers-and-schedules.md	markdown-page	public-nav	https://docs.fullchaos.dev/operate/configure/workers-and-schedules/	Install and operate | Configure | Workers and schedules	task-guide			operate	platform-operations		False	True					contribute/architecture/platform.md | operate/configure/index.md | operate/install/production.md | operate/run/workers-and-jobs.md	operate/configure/databases-and-storage.md	
full-chaos/dev-health-ops	docs/operate/index.md	markdown-page	public-nav	https://docs.fullchaos.dev/operate/	Install and operate	landing			operate	platform-operations		False	True					contribute/start/development-environment.md | get-started/choose-a-task.md | index.md | use/index.md	operate/configure/index.md | operate/install/index.md | operate/maintain/index.md | operate/observe/index.md | operate/plan/index.md | operate/run/index.md | operate/runbooks/index.md | operate/security/index.md	
full-chaos/dev-health-ops	docs/operate/install/index.md	markdown-page	public-nav	https://docs.fullchaos.dev/operate/install/	Install and operate | Install	landing			operate	platform-operations		False	True					operate/index.md	operate/install/local-evaluation.md | operate/install/production.md | operate/install/verify-health.md	
full-chaos/dev-health-ops	docs/operate/install/local-evaluation.md	markdown-page	public-nav	https://docs.fullchaos.dev/operate/install/local-evaluation/	Install and operate | Install | Local evaluation	tutorial			operate	platform-operations		False	True					operate/install/index.md		
full-chaos/dev-health-ops	docs/operate/install/production.md	markdown-page	public-nav	https://docs.fullchaos.dev/operate/install/production/	Install and operate | Install | Production	task-guide			operate	platform-operations		False	True					operate/install/index.md	operate/configure/databases-and-storage.md | operate/configure/environment-and-secrets.md | operate/configure/workers-and-schedules.md | operate/install/verify-health.md | operate/security/hardening.md	
full-chaos/dev-health-ops	docs/operate/install/verify-health.md	markdown-page	public-nav	https://docs.fullchaos.dev/operate/install/verify-health/	Install and operate | Install | Verify health	task-guide			operate	platform-operations		False	True					operate/install/index.md | operate/install/production.md		
full-chaos/dev-health-ops	docs/operate/maintain/backup-and-restore.md	markdown-page	public-nav	https://docs.fullchaos.dev/operate/maintain/backup-and-restore/	Install and operate | Maintain | Backup and restore	task-guide			operate	platform-operations		False	True					operate/maintain/index.md		
full-chaos/dev-health-ops	docs/operate/maintain/decommission.md	markdown-page	public-nav	https://docs.fullchaos.dev/operate/maintain/decommission/	Install and operate | Maintain | Decommission	task-guide			operate	platform-operations		False	True					operate/maintain/index.md		
full-chaos/dev-health-ops	docs/operate/maintain/index.md	markdown-page	public-nav	https://docs.fullchaos.dev/operate/maintain/	Install and operate | Maintain	landing			operate	platform-operations		False	True					operate/index.md	operate/maintain/backup-and-restore.md | operate/maintain/decommission.md | operate/maintain/upgrade.md	
full-chaos/dev-health-ops	docs/operate/maintain/upgrade.md	markdown-page	public-nav	https://docs.fullchaos.dev/operate/maintain/upgrade/	Install and operate | Maintain | Upgrade	task-guide			operate	platform-operations		False	True					operate/maintain/index.md		
full-chaos/dev-health-ops	docs/operate/observe/dashboards-and-alerts.md	markdown-page	public-nav	https://docs.fullchaos.dev/operate/observe/dashboards-and-alerts/	Install and operate | Observe | Dashboards and alerts	task-guide			operate	platform-operations		False	True					operate/observe/index.md		
full-chaos/dev-health-ops	docs/operate/observe/health-checks.md	markdown-page	public-nav	https://docs.fullchaos.dev/operate/observe/health-checks/	Install and operate | Observe | Health checks	reference			operate	platform-operations		False	True					operate/observe/index.md | operate/run/workers-and-jobs.md		
full-chaos/dev-health-ops	docs/operate/observe/index.md	markdown-page	public-nav	https://docs.fullchaos.dev/operate/observe/	Install and operate | Observe	landing			operate	platform-operations		False	True					operate/index.md	operate/observe/dashboards-and-alerts.md | operate/observe/health-checks.md | operate/observe/logs.md | operate/observe/metrics-and-traces.md	
full-chaos/dev-health-ops	docs/operate/observe/logs.md	markdown-page	public-nav	https://docs.fullchaos.dev/operate/observe/logs/	Install and operate | Observe | Logs	reference			operate	platform-operations		False	True					operate/observe/index.md | operate/run/workers-and-jobs.md		
full-chaos/dev-health-ops	docs/operate/observe/metrics-and-traces.md	markdown-page	public-nav	https://docs.fullchaos.dev/operate/observe/metrics-and-traces/	Install and operate | Observe | Metrics and traces	reference			operate	platform-operations		False	True					operate/observe/index.md | operate/run/workers-and-jobs.md		
full-chaos/dev-health-ops	docs/operate/plan/capacity-and-sizing.md	markdown-page	public-nav	https://docs.fullchaos.dev/operate/plan/capacity-and-sizing/	Install and operate | Plan | Capacity and sizing	reference			operate	platform-operations		False	True					operate/plan/index.md		
full-chaos/dev-health-ops	docs/operate/plan/index.md	markdown-page	public-nav	https://docs.fullchaos.dev/operate/plan/	Install and operate | Plan	landing			operate	platform-operations		False	True					operate/index.md	operate/plan/capacity-and-sizing.md | operate/plan/prerequisites.md	
full-chaos/dev-health-ops	docs/operate/plan/prerequisites.md	markdown-page	public-nav	https://docs.fullchaos.dev/operate/plan/prerequisites/	Install and operate | Plan | Prerequisites	task-guide			operate	platform-operations		False	True					operate/plan/index.md		
full-chaos/dev-health-ops	docs/operate/run/index.md	markdown-page	public-nav	https://docs.fullchaos.dev/operate/run/	Install and operate | Run	landing			operate	platform-operations		False	True					operate/index.md	operate/run/ingestion-and-backfills.md | operate/run/operational-controls.md | operate/run/workers-and-jobs.md	
full-chaos/dev-health-ops	docs/operate/run/ingestion-and-backfills.md	markdown-page	public-nav	https://docs.fullchaos.dev/operate/run/ingestion-and-backfills/	Install and operate | Run | Ingestion and backfills	task-guide			operate	platform-operations		False	True					operate/run/index.md		
full-chaos/dev-health-ops	docs/operate/run/operational-controls.md	markdown-page	public-nav	https://docs.fullchaos.dev/operate/run/operational-controls/	Install and operate | Run | Operational controls	task-guide			operate	platform-operations		False	True					operate/run/index.md		
full-chaos/dev-health-ops	docs/operate/run/workers-and-jobs.md	markdown-page	public-nav	https://docs.fullchaos.dev/operate/run/workers-and-jobs/	Install and operate | Run | Workers and jobs	task-guide			operate	platform-operations		False	True					operate/run/index.md | reference/cli/index.md	operate/configure/workers-and-schedules.md | operate/observe/health-checks.md | operate/observe/logs.md | operate/observe/metrics-and-traces.md | operate/runbooks/worker-or-queue-failure.md	
full-chaos/dev-health-ops	docs/operate/runbooks/backup-or-restore-failure.md	markdown-page	public-nav	https://docs.fullchaos.dev/operate/runbooks/backup-or-restore-failure/	Install and operate | Runbooks | Backup or restore failure	runbook			operate	platform-operations		False	True					operate/runbooks/index.md		
full-chaos/dev-health-ops	docs/operate/runbooks/database-or-migration-failure.md	markdown-page	public-nav	https://docs.fullchaos.dev/operate/runbooks/database-or-migration-failure/	Install and operate | Runbooks | Database or migration failure	runbook			operate	platform-operations		False	True					operate/runbooks/index.md		
full-chaos/dev-health-ops	docs/operate/runbooks/disaster-recovery.md	markdown-page	public-nav	https://docs.fullchaos.dev/operate/runbooks/disaster-recovery/	Install and operate | Runbooks | Disaster recovery	runbook			operate	platform-operations		False	True					operate/runbooks/index.md		
full-chaos/dev-health-ops	docs/operate/runbooks/index.md	markdown-page	public-nav	https://docs.fullchaos.dev/operate/runbooks/	Install and operate | Runbooks	troubleshooting-index			operate	platform-operations		False	True					operate/index.md | use/troubleshooting/index.md	operate/runbooks/backup-or-restore-failure.md | operate/runbooks/database-or-migration-failure.md | operate/runbooks/disaster-recovery.md | operate/runbooks/ingestion-failure.md | operate/runbooks/performance-or-rate-limit.md | operate/runbooks/provider-authentication-failure.md | operate/runbooks/worker-or-queue-failure.md	
full-chaos/dev-health-ops	docs/operate/runbooks/ingestion-failure.md	markdown-page	public-nav	https://docs.fullchaos.dev/operate/runbooks/ingestion-failure/	Install and operate | Runbooks | Ingestion failure	runbook			operate	platform-operations		False	True					admin/sync-and-coverage/status-and-freshness.md | admin/troubleshooting/provider-connections.md | admin/troubleshooting/sync-and-coverage.md | operate/runbooks/index.md | use/troubleshooting/no-or-incomplete-data.md		
full-chaos/dev-health-ops	docs/operate/runbooks/performance-or-rate-limit.md	markdown-page	public-nav	https://docs.fullchaos.dev/operate/runbooks/performance-or-rate-limit/	Install and operate | Runbooks | Performance or rate limit	runbook			operate	platform-operations		False	True					operate/runbooks/index.md		
full-chaos/dev-health-ops	docs/operate/runbooks/provider-authentication-failure.md	markdown-page	public-nav	https://docs.fullchaos.dev/operate/runbooks/provider-authentication-failure/	Install and operate | Runbooks | Provider authentication failure	runbook			operate	platform-operations		False	True					operate/runbooks/index.md | use/troubleshooting/no-or-incomplete-data.md		
full-chaos/dev-health-ops	docs/operate/runbooks/worker-or-queue-failure.md	markdown-page	public-nav	https://docs.fullchaos.dev/operate/runbooks/worker-or-queue-failure/	Install and operate | Runbooks | Worker or queue failure	runbook			operate	platform-operations		False	True					operate/run/workers-and-jobs.md | operate/runbooks/index.md | use/troubleshooting/no-or-incomplete-data.md		
full-chaos/dev-health-ops	docs/operate/security/hardening.md	markdown-page	public-nav	https://docs.fullchaos.dev/operate/security/hardening/	Install and operate | Security | Production hardening	task-guide			operate	security		False	True					operate/install/production.md | operate/security/index.md		
full-chaos/dev-health-ops	docs/operate/security/index.md	markdown-page	public-nav	https://docs.fullchaos.dev/operate/security/	Install and operate | Security	landing			operate	security		False	True					operate/index.md	operate/security/hardening.md	
full-chaos/dev-health-ops	docs/reference/api/authentication.md	markdown-page	public-nav	https://docs.fullchaos.dev/reference/api/authentication/	Reference | API | Authentication and authorization	api-reference			reference	platform-api		False	True					integrate/api/authentication.md | reference/api/index.md		
full-chaos/dev-health-ops	docs/reference/api/errors-pagination-rate-limits.md	markdown-page	public-nav	https://docs.fullchaos.dev/reference/api/errors-pagination-rate-limits/	Reference | API | Errors, pagination, and limits	api-reference			reference	platform-api		False	True					reference/api/index.md		
full-chaos/dev-health-ops	docs/reference/api/index.md	markdown-page	public-nav	https://docs.fullchaos.dev/reference/api/	Reference | API	landing			reference	platform-api		False	True					integrate/api/index.md | reference/index.md	reference/api/authentication.md | reference/api/errors-pagination-rate-limits.md	
full-chaos/dev-health-ops	docs/reference/cli/index.md	markdown-page	public-nav	https://docs.fullchaos.dev/reference/cli/	Reference | CLI	cli-reference			reference			False	True					contribute/development/commands.md | reference/index.md	admin/data-sources/github.md | contribute/architecture/data-and-storage.md | integrate/customer-push/overview.md | integrate/customer-push/register-source.md | operate/run/workers-and-jobs.md | reference/schemas/record-kinds-and-enums.md | use/reports/index.md	
full-chaos/dev-health-ops	docs/reference/configuration/environment.md	markdown-page	public-nav	https://docs.fullchaos.dev/reference/configuration/environment/	Reference | Configuration | Environment variables	configuration-reference			reference	platform-operations		False	True					reference/configuration/index.md		
full-chaos/dev-health-ops	docs/reference/configuration/feature-flags.md	markdown-page	public-nav	https://docs.fullchaos.dev/reference/configuration/feature-flags/	Reference | Configuration | Feature flags	configuration-reference			reference	platform-product		False	True					reference/configuration/index.md		
full-chaos/dev-health-ops	docs/reference/configuration/index.md	markdown-page	public-nav	https://docs.fullchaos.dev/reference/configuration/	Reference | Configuration	landing			reference	platform-operations		False	True					reference/index.md	reference/configuration/environment.md | reference/configuration/feature-flags.md	
full-chaos/dev-health-ops	docs/reference/data-models/index.md	markdown-page	public-nav	https://docs.fullchaos.dev/reference/data-models/	Reference | Data models	landing			reference	platform-api		False	True					reference/index.md	reference/data-models/investment.md | reference/data-models/work-graph.md	
full-chaos/dev-health-ops	docs/reference/data-models/investment.md	markdown-page	public-nav	https://docs.fullchaos.dev/reference/data-models/investment/	Reference | Data models | Investment	reference			reference	platform-api		False	True					reference/data-models/index.md	reference/metrics/weighting-and-aggregation.md | reference/taxonomies/investment.md	
full-chaos/dev-health-ops	docs/reference/data-models/work-graph.md	markdown-page	public-nav	https://docs.fullchaos.dev/reference/data-models/work-graph/	Reference | Data models | Work Graph	reference			reference	platform-api		False	True					reference/data-models/index.md | use/code-and-relationships/index.md | use/code-and-relationships/work-graph.md		
full-chaos/dev-health-ops	docs/reference/deprecations/index.md	markdown-page	public-nav	https://docs.fullchaos.dev/reference/deprecations/	Reference | Deprecations	deprecation			reference	documentation		False	True					reference/index.md		
full-chaos/dev-health-ops	docs/reference/graphql/filters.md	markdown-page	public-nav	https://docs.fullchaos.dev/reference/graphql/filters/	Reference | GraphQL | Filters and scope	api-reference			reference	platform-api		False	True					reference/graphql/index.md		
full-chaos/dev-health-ops	docs/reference/graphql/index.md	markdown-page	public-nav	https://docs.fullchaos.dev/reference/graphql/	Reference | GraphQL	landing			reference	platform-api		False	True					integrate/api/graphql.md | reference/index.md	reference/graphql/filters.md | reference/graphql/nullability-and-errors.md | reference/graphql/schema.md	
full-chaos/dev-health-ops	docs/reference/graphql/nullability-and-errors.md	markdown-page	public-nav	https://docs.fullchaos.dev/reference/graphql/nullability-and-errors/	Reference | GraphQL | Nullability and errors	api-reference			reference	platform-api		False	True					reference/graphql/index.md		
full-chaos/dev-health-ops	docs/reference/graphql/schema.md	markdown-page	public-nav	https://docs.fullchaos.dev/reference/graphql/schema/	Reference | GraphQL | Schema and fields	generated-reference			reference	platform-api		False	True					reference/graphql/index.md		
full-chaos/dev-health-ops	docs/reference/index.md	markdown-page	public-nav	https://docs.fullchaos.dev/reference/	Reference	landing			reference	documentation		False	True					get-started/choose-a-task.md | index.md	reference/api/index.md | reference/cli/index.md | reference/configuration/index.md | reference/data-models/index.md | reference/deprecations/index.md | reference/graphql/index.md | reference/limits-and-compatibility/index.md | reference/metrics/index.md | reference/schemas/index.md | reference/taxonomies/index.md	
full-chaos/dev-health-ops	docs/reference/limits-and-compatibility/compatibility.md	markdown-page	public-nav	https://docs.fullchaos.dev/reference/limits-and-compatibility/compatibility/	Reference | Limits and compatibility | Version compatibility	reference			reference	platform-operations		False	True					reference/limits-and-compatibility/index.md		
full-chaos/dev-health-ops	docs/reference/limits-and-compatibility/index.md	markdown-page	public-nav	https://docs.fullchaos.dev/reference/limits-and-compatibility/	Reference | Limits and compatibility	landing			reference	platform-api		False	True					reference/index.md	reference/limits-and-compatibility/compatibility.md | reference/limits-and-compatibility/provider-limits.md	
full-chaos/dev-health-ops	docs/reference/limits-and-compatibility/provider-limits.md	markdown-page	public-nav	https://docs.fullchaos.dev/reference/limits-and-compatibility/provider-limits/	Reference | Limits and compatibility | Provider limits	reference			reference	platform-api		False	True					integrate/build-an-integration/provider.md | reference/limits-and-compatibility/index.md		
full-chaos/dev-health-ops	docs/reference/metrics/definitions.md	markdown-page	public-nav	https://docs.fullchaos.dev/reference/metrics/definitions/	Reference | Metrics | Definitions	generated-reference			reference	product-analytics		False	True					reference/metrics/index.md		
full-chaos/dev-health-ops	docs/reference/metrics/index.md	markdown-page	public-nav	https://docs.fullchaos.dev/reference/metrics/	Reference | Metrics	landing			reference	product-analytics		False	True					index.md | reference/index.md	reference/metrics/definitions.md | reference/metrics/weighting-and-aggregation.md	
full-chaos/dev-health-ops	docs/reference/metrics/weighting-and-aggregation.md	markdown-page	public-nav	https://docs.fullchaos.dev/reference/metrics/weighting-and-aggregation/	Reference | Metrics | Weighting and aggregation	reference			reference	product-analytics		False	True					index.md | reference/data-models/investment.md | reference/metrics/index.md | use/investment/index.md | use/investment/investigate-effort.md | use/investment/investment-expense.md | use/investment/investment-mix.md	reference/taxonomies/investment.md	
full-chaos/dev-health-ops	docs/reference/schemas/index.md	markdown-page	public-nav	https://docs.fullchaos.dev/reference/schemas/	Reference | Schemas	landing			reference	platform-api		True	True					reference/index.md	reference/schemas/record-kinds-and-enums.md	
full-chaos/dev-health-ops	docs/reference/schemas/record-kinds-and-enums.md	markdown-page	public-nav	https://docs.fullchaos.dev/reference/schemas/record-kinds-and-enums/	Reference | Schemas | Record kinds and enums	generated-reference			reference	platform-api		False	True					reference/cli/index.md | reference/schemas/index.md		
full-chaos/dev-health-ops	docs/reference/taxonomies/index.md	markdown-page	public-nav	https://docs.fullchaos.dev/reference/taxonomies/	Reference | Taxonomies	landing			reference	product-analytics		True	True					reference/index.md	reference/taxonomies/investment.md	
full-chaos/dev-health-ops	docs/reference/taxonomies/investment.md	markdown-page	public-nav	https://docs.fullchaos.dev/reference/taxonomies/investment/	Reference | Taxonomies | Investment	generated-reference			reference	product-analytics		True	True					reference/data-models/investment.md | reference/metrics/weighting-and-aggregation.md | reference/taxonomies/index.md | use/investment/index.md | use/investment/investigate-effort.md | use/investment/investment-mix.md		
full-chaos/dev-health-ops	docs/use/ai-workflows/impact.md	markdown-page	public-nav	https://docs.fullchaos.dev/use/ai-workflows/impact/	Use Dev Health | AI workflows | AI Impact	workflow-guide			use	product-analytics		False	True					use/ai-workflows/index.md		
full-chaos/dev-health-ops	docs/use/ai-workflows/index.md	markdown-page	public-nav	https://docs.fullchaos.dev/use/ai-workflows/	Use Dev Health | AI workflows	landing			use	product-analytics		False	True					use/index.md	use/ai-workflows/impact.md | use/ai-workflows/review-load.md | use/ai-workflows/risk.md	
full-chaos/dev-health-ops	docs/use/ai-workflows/review-load.md	markdown-page	public-nav	https://docs.fullchaos.dev/use/ai-workflows/review-load/	Use Dev Health | AI workflows | AI Review Load	workflow-guide			use	product-analytics		False	True					use/ai-workflows/index.md		
full-chaos/dev-health-ops	docs/use/ai-workflows/risk.md	markdown-page	public-nav	https://docs.fullchaos.dev/use/ai-workflows/risk/	Use Dev Health | AI workflows | AI Governance Risk	workflow-guide			use	product-analytics		False	True					use/ai-workflows/index.md		
full-chaos/dev-health-ops	docs/use/code-and-relationships/code-hotspots.md	markdown-page	public-nav	https://docs.fullchaos.dev/use/code-and-relationships/code-hotspots/	Use Dev Health | Code and relationships | Code Hotspots	workflow-guide			use	product-analytics		False	True					use/code-and-relationships/index.md | use/code-and-relationships/work-graph.md | use/delivery-flow/quadrants.md	use/code-and-relationships/work-graph.md | use/delivery-flow/quadrants.md | use/plan-and-improve/compare-trends.md | use/troubleshooting/no-or-incomplete-data.md	
full-chaos/dev-health-ops	docs/use/code-and-relationships/index.md	markdown-page	public-nav	https://docs.fullchaos.dev/use/code-and-relationships/	Use Dev Health | Code and relationships	landing			use	product-analytics		False	True					use/delivery-flow/index.md | use/index.md | use/investment/index.md	reference/data-models/work-graph.md | use/code-and-relationships/code-hotspots.md | use/code-and-relationships/work-graph.md	
full-chaos/dev-health-ops	docs/use/code-and-relationships/work-graph.md	markdown-page	public-nav	https://docs.fullchaos.dev/use/code-and-relationships/work-graph/	Use Dev Health | Code and relationships | Work Graph	workflow-guide			use	product-analytics		False	True					use/code-and-relationships/code-hotspots.md | use/code-and-relationships/index.md | use/delivery-flow/pr-flow.md | use/investment/investigate-effort.md	reference/data-models/work-graph.md | use/code-and-relationships/code-hotspots.md | use/investment/follow-evidence.md | use/troubleshooting/no-or-incomplete-data.md	
full-chaos/dev-health-ops	docs/use/delivery-flow/index.md	markdown-page	public-nav	https://docs.fullchaos.dev/use/delivery-flow/	Use Dev Health | Delivery flow	landing			use	product-analytics		False	True					use/index.md | use/investment/index.md | use/investment/investment-mix.md	use/code-and-relationships/index.md | use/delivery-flow/pr-flow.md | use/delivery-flow/quadrants.md | use/delivery-flow/review-pressure.md | use/investment/index.md	
full-chaos/dev-health-ops	docs/use/delivery-flow/pr-flow.md	markdown-page	public-nav	https://docs.fullchaos.dev/use/delivery-flow/pr-flow/	Use Dev Health | Delivery flow | PR Flow	workflow-guide			use	product-analytics		False	True					use/delivery-flow/index.md | use/delivery-flow/quadrants.md | use/plan-and-improve/capacity-planning.md	use/code-and-relationships/work-graph.md | use/delivery-flow/quadrants.md | use/delivery-flow/review-pressure.md | use/troubleshooting/no-or-incomplete-data.md	
full-chaos/dev-health-ops	docs/use/delivery-flow/quadrants.md	markdown-page	public-nav	https://docs.fullchaos.dev/use/delivery-flow/quadrants/	Use Dev Health | Delivery flow | Quadrants	workflow-guide			use	product-analytics		False	True					use/code-and-relationships/code-hotspots.md | use/delivery-flow/index.md | use/delivery-flow/pr-flow.md	use/code-and-relationships/code-hotspots.md | use/delivery-flow/pr-flow.md | use/delivery-flow/review-pressure.md | use/troubleshooting/no-or-incomplete-data.md	
full-chaos/dev-health-ops	docs/use/delivery-flow/review-pressure.md	markdown-page	public-nav	https://docs.fullchaos.dev/use/delivery-flow/review-pressure/	Use Dev Health | Delivery flow | Review pressure	task-guide			use	product-analytics		False	True					use/delivery-flow/index.md | use/delivery-flow/pr-flow.md | use/delivery-flow/quadrants.md		
full-chaos/dev-health-ops	docs/use/index.md	markdown-page	public-nav	https://docs.fullchaos.dev/use/	Use Dev Health	landing			use	documentation		False	True					get-started/choose-a-task.md | index.md	admin/index.md | operate/index.md | use/ai-workflows/index.md | use/code-and-relationships/index.md | use/delivery-flow/index.md | use/investment/index.md | use/navigate/data-states.md | use/navigate/filters-and-comparisons.md | use/navigate/scope-and-time.md | use/plan-and-improve/index.md | use/reports/index.md | use/troubleshooting/index.md	
full-chaos/dev-health-ops	docs/use/investment/follow-evidence.md	markdown-page	public-nav	https://docs.fullchaos.dev/use/investment/follow-evidence/	Use Dev Health | Investment | Evidence	task-guide			use	product-analytics		False	True					index.md | use/code-and-relationships/work-graph.md | use/investment/index.md | use/investment/investigate-effort.md | use/investment/investment-mix.md	use/troubleshooting/no-or-incomplete-data.md	
full-chaos/dev-health-ops	docs/use/investment/index.md	markdown-page	public-nav	https://docs.fullchaos.dev/use/investment/	Use Dev Health | Investment	landing			use	product-analytics		False	True					use/delivery-flow/index.md | use/index.md	reference/metrics/weighting-and-aggregation.md | reference/taxonomies/investment.md | use/code-and-relationships/index.md | use/delivery-flow/index.md | use/investment/follow-evidence.md | use/investment/investigate-effort.md | use/investment/investment-expense.md | use/investment/investment-flows.md | use/investment/investment-mix.md	
full-chaos/dev-health-ops	docs/use/investment/investigate-effort.md	markdown-page	public-nav	https://docs.fullchaos.dev/use/investment/investigate-effort/	Use Dev Health | Investment | Investigate effort	task-guide			use	product-analytics		False	True					get-started/choose-a-task.md | get-started/index.md | index.md | use/investment/index.md | use/investment/investment-mix.md	reference/metrics/weighting-and-aggregation.md | reference/taxonomies/investment.md | use/code-and-relationships/work-graph.md | use/investment/follow-evidence.md | use/investment/investment-mix.md | use/plan-and-improve/compare-trends.md | use/troubleshooting/no-or-incomplete-data.md	
full-chaos/dev-health-ops	docs/use/investment/investment-expense.md	markdown-page	public-nav	https://docs.fullchaos.dev/use/investment/investment-expense/	Use Dev Health | Investment | Investment Expense	workflow-guide			use	product-analytics		False	True					use/investment/index.md | use/investment/investment-mix.md	reference/metrics/weighting-and-aggregation.md | use/troubleshooting/stale-or-delayed-results.md	
full-chaos/dev-health-ops	docs/use/investment/investment-flows.md	markdown-page	public-nav	https://docs.fullchaos.dev/use/investment/investment-flows/	Use Dev Health | Investment | Investment Flows	workflow-guide			use	product-analytics		False	True					use/investment/index.md | use/investment/investment-mix.md		
full-chaos/dev-health-ops	docs/use/investment/investment-mix.md	markdown-page	public-nav	https://docs.fullchaos.dev/use/investment/investment-mix/	Use Dev Health | Investment | Investment Mix	workflow-guide			use	product-analytics		False	True					use/investment/index.md | use/investment/investigate-effort.md	reference/metrics/weighting-and-aggregation.md | reference/taxonomies/investment.md | use/delivery-flow/index.md | use/investment/follow-evidence.md | use/investment/investigate-effort.md | use/investment/investment-expense.md | use/investment/investment-flows.md | use/troubleshooting/no-or-incomplete-data.md	
full-chaos/dev-health-ops	docs/use/navigate/data-states.md	markdown-page	public-nav	https://docs.fullchaos.dev/use/navigate/data-states/	Use Dev Health | Context and filters | Data states	concept			use	product-analytics		False	True					index.md | use/index.md | use/navigate/index.md	use/troubleshooting/no-or-incomplete-data.md	
full-chaos/dev-health-ops	docs/use/navigate/filters-and-comparisons.md	markdown-page	public-nav	https://docs.fullchaos.dev/use/navigate/filters-and-comparisons/	Use Dev Health | Context and filters | Filters and comparisons	task-guide			use	product-analytics		False	True					index.md | use/index.md | use/navigate/index.md		
full-chaos/dev-health-ops	docs/use/navigate/index.md	markdown-page	public-nav	https://docs.fullchaos.dev/use/navigate/	Use Dev Health | Context and filters	landing			use	product-analytics		False	True						use/navigate/data-states.md | use/navigate/filters-and-comparisons.md | use/navigate/scope-and-time.md	
full-chaos/dev-health-ops	docs/use/navigate/scope-and-time.md	markdown-page	public-nav	https://docs.fullchaos.dev/use/navigate/scope-and-time/	Use Dev Health | Context and filters | Scope and time	task-guide			use	product-analytics		False	True					index.md | use/index.md | use/navigate/index.md	use/troubleshooting/scope-and-filters.md	
full-chaos/dev-health-ops	docs/use/plan-and-improve/capacity-planning.md	markdown-page	public-nav	https://docs.fullchaos.dev/use/plan-and-improve/capacity-planning/	Use Dev Health | Planning | Completion Forecast	workflow-guide			use	product-analytics		False	True					use/plan-and-improve/index.md	use/delivery-flow/pr-flow.md | use/plan-and-improve/compare-trends.md | use/plan-and-improve/team-conversations.md | use/troubleshooting/no-or-incomplete-data.md	
full-chaos/dev-health-ops	docs/use/plan-and-improve/compare-trends.md	markdown-page	public-nav	https://docs.fullchaos.dev/use/plan-and-improve/compare-trends/	Use Dev Health | Planning | Compare trends	task-guide			use	product-analytics		False	True					use/code-and-relationships/code-hotspots.md | use/investment/investigate-effort.md | use/plan-and-improve/capacity-planning.md | use/plan-and-improve/index.md		
full-chaos/dev-health-ops	docs/use/plan-and-improve/index.md	markdown-page	public-nav	https://docs.fullchaos.dev/use/plan-and-improve/	Use Dev Health | Planning	landing			use	product-analytics		False	True					use/index.md	use/plan-and-improve/capacity-planning.md | use/plan-and-improve/compare-trends.md | use/plan-and-improve/team-conversations.md	
full-chaos/dev-health-ops	docs/use/plan-and-improve/team-conversations.md	markdown-page	public-nav	https://docs.fullchaos.dev/use/plan-and-improve/team-conversations/	Use Dev Health | Planning | Team conversations	task-guide			use	product-analytics		False	True					use/plan-and-improve/capacity-planning.md | use/plan-and-improve/index.md		
full-chaos/dev-health-ops	docs/use/reports/create-or-clone.md	markdown-page	public-nav	https://docs.fullchaos.dev/use/reports/create-or-clone/	Use Dev Health | Reports | Create or clone	task-guide			use	product-analytics		False	True					use/reports/index.md	use/reports/read-output-and-provenance.md | use/reports/run-and-schedule.md	
full-chaos/dev-health-ops	docs/use/reports/index.md	markdown-page	public-nav	https://docs.fullchaos.dev/use/reports/	Use Dev Health | Reports	landing			use	product-analytics		False	True					reference/cli/index.md | use/index.md	use/reports/create-or-clone.md | use/reports/read-output-and-provenance.md | use/reports/run-and-schedule.md	
full-chaos/dev-health-ops	docs/use/reports/read-output-and-provenance.md	markdown-page	public-nav	https://docs.fullchaos.dev/use/reports/read-output-and-provenance/	Use Dev Health | Reports | Output and provenance	task-guide			use	product-analytics		False	True					use/reports/create-or-clone.md | use/reports/index.md | use/reports/run-and-schedule.md	use/troubleshooting/reports.md	
full-chaos/dev-health-ops	docs/use/reports/run-and-schedule.md	markdown-page	public-nav	https://docs.fullchaos.dev/use/reports/run-and-schedule/	Use Dev Health | Reports | Run and schedule	task-guide			use	product-analytics		False	True					use/reports/create-or-clone.md | use/reports/index.md	use/reports/read-output-and-provenance.md | use/troubleshooting/reports.md	
full-chaos/dev-health-ops	docs/use/troubleshooting/index.md	markdown-page	public-nav	https://docs.fullchaos.dev/use/troubleshooting/	Use Dev Health | Troubleshooting	troubleshooting-index			use	documentation		False	True					index.md | use/index.md	admin/troubleshooting/index.md | operate/runbooks/index.md | use/troubleshooting/no-or-incomplete-data.md | use/troubleshooting/permissions-and-availability.md | use/troubleshooting/reports.md | use/troubleshooting/scope-and-filters.md | use/troubleshooting/stale-or-delayed-results.md	
full-chaos/dev-health-ops	docs/use/troubleshooting/no-or-incomplete-data.md	markdown-page	public-nav	https://docs.fullchaos.dev/use/troubleshooting/no-or-incomplete-data/	Use Dev Health | Troubleshooting | No or incomplete data	troubleshooting			use	product-analytics		False	True					get-started/prerequisites.md | index.md | use/code-and-relationships/code-hotspots.md | use/code-and-relationships/work-graph.md | use/delivery-flow/pr-flow.md | use/delivery-flow/quadrants.md | use/investment/follow-evidence.md | use/investment/investigate-effort.md | use/investment/investment-mix.md | use/navigate/data-states.md | use/plan-and-improve/capacity-planning.md | use/troubleshooting/index.md	admin/sync-and-coverage/status-and-freshness.md | operate/runbooks/ingestion-failure.md | operate/runbooks/provider-authentication-failure.md | operate/runbooks/worker-or-queue-failure.md	
full-chaos/dev-health-ops	docs/use/troubleshooting/permissions-and-availability.md	markdown-page	public-nav	https://docs.fullchaos.dev/use/troubleshooting/permissions-and-availability/	Use Dev Health | Troubleshooting | Permissions and availability	troubleshooting			use	documentation		False	True					use/troubleshooting/index.md		
full-chaos/dev-health-ops	docs/use/troubleshooting/reports.md	markdown-page	public-nav	https://docs.fullchaos.dev/use/troubleshooting/reports/	Use Dev Health | Troubleshooting | Report problems	troubleshooting			use	product-analytics		False	True					use/reports/read-output-and-provenance.md | use/reports/run-and-schedule.md | use/troubleshooting/index.md		
full-chaos/dev-health-ops	docs/use/troubleshooting/scope-and-filters.md	markdown-page	public-nav	https://docs.fullchaos.dev/use/troubleshooting/scope-and-filters/	Use Dev Health | Troubleshooting | Scope and filters	troubleshooting			use	product-analytics		False	True					use/navigate/scope-and-time.md | use/troubleshooting/index.md		
full-chaos/dev-health-ops	docs/use/troubleshooting/stale-or-delayed-results.md	markdown-page	public-nav	https://docs.fullchaos.dev/use/troubleshooting/stale-or-delayed-results/	Use Dev Health | Troubleshooting | Stale or delayed results	troubleshooting			use	product-analytics		False	True					use/investment/investment-expense.md | use/troubleshooting/index.md	admin/sync-and-coverage/status-and-freshness.md	
full-chaos/dev-health-ops	external://dev-health-docs.fullchaos.workers.dev	external-gap	gap-unverified						cross-repository-or-runtime			False	False							The live Workers preview requires a URL, header, redirect, search, and publication-state crawl outside the repository inventory.
full-chaos/dev-health-ops	mkdocs.yml	configuration	supporting-artifact						documentation-system			False	False							
full-chaos/dev-health-ops	requirements-docs.txt	configuration	supporting-artifact						documentation-system			False	False							
full-chaos/dev-health-ops	scripts/build_docs_cloudflare.py	tooling	supporting-artifact						documentation-system			False	False							
full-chaos/dev-health-ops	scripts/check_built_site_links.py	tooling	supporting-artifact						documentation-system			False	False							
full-chaos/dev-health-ops	scripts/check_docs_candidate_accessibility.py	tooling	supporting-artifact						documentation-system			False	False							
full-chaos/dev-health-ops	scripts/check_docs_candidate_facts.py	tooling	supporting-artifact						documentation-system			False	False							
full-chaos/dev-health-ops	scripts/check_docs_candidate_search.py	tooling	supporting-artifact						documentation-system			False	False							
full-chaos/dev-health-ops	scripts/check_docs_cloudflare_host.py	tooling	supporting-artifact						documentation-system			False	False							
full-chaos/dev-health-ops	scripts/check_docs_links.py	tooling	supporting-artifact						documentation-system			False	False							
full-chaos/dev-health-ops	scripts/check_external_links.py	tooling	supporting-artifact						documentation-system			False	False							
full-chaos/dev-health-ops	scripts/check_freshness_inventory.py	tooling	supporting-artifact						documentation-system			False	False							
full-chaos/dev-health-ops	scripts/check_investment_docs_drift.py	tooling	supporting-artifact						documentation-system			False	False							
full-chaos/dev-health-ops	scripts/docs_inventory_review.py	tooling	supporting-artifact						documentation-system			False	False							
full-chaos/dev-health-ops	scripts/docs_inventory_v2.py	tooling	supporting-artifact						documentation-system			False	False							
full-chaos/dev-health-ops	scripts/gen_taxonomy_docs.py	tooling	supporting-artifact						documentation-system			False	False							
full-chaos/dev-health-ops	scripts/prepare_docs_cloudflare.py	tooling	supporting-artifact						documentation-system			False	False							
full-chaos/dev-health-ops	scripts/user_guide_evidence_contract.py	tooling	supporting-artifact						documentation-system			False	False							
full-chaos/dev-health-ops	scripts/user_guide_evidence_validation.py	tooling	supporting-artifact						documentation-system			False	False							
full-chaos/dev-health-ops	scripts/validate_docs_ia_v2.py	tooling	supporting-artifact						documentation-system			False	False							
full-chaos/dev-health-ops	scripts/validate_docs_inventory_review.py	tooling	supporting-artifact						documentation-system			False	False							
full-chaos/dev-health-ops	scripts/validate_docs_v2_publication.py	tooling	supporting-artifact						documentation-system			False	False							
full-chaos/dev-health-ops	scripts/validate_user_guide_evidence.py	tooling	supporting-artifact						documentation-system			False	False							
full-chaos/dev-health-ops	wrangler.jsonc	publication-configuration	supporting-artifact						documentation-publication			False	False							Cloudflare/publication configuration requiring an explicit delivery disposition.
